<?xml version="1.0" encoding="UTF-8"?>
<!DOCTYPE suite SYSTEM "http://testng.org/testng-1.0.dtd">
<suite name="Suite" parallel="tests">
	<test name="Test Windows 7">
		<parameter name="platformName" value="Windows" />
		<parameter name="platformVersion" value="7" />
		<parameter name="browserName" value="Firefox" />
		<parameter name="browserVersion" value="42" />
		<parameter name="deviceId" value="" />
		<classes>
			<class name="com.perfecto.testing.WebScenarioParallel" />
		</classes>
	</test>
	<test name="Test Windows 8.1">
		<parameter name="platformName" value="Windows" />
		<parameter name="platformVersion" value="8.1" />
		<parameter name="browserName" value="Chrome" />
		<parameter name="browserVersion" value="45" />
		<parameter name="deviceId" value="" />
		<classes>
			<class name="com.perfecto.testing.WebScenarioParallel" />
		</classes>
	</test>
	<test name="Test iPhone6 Plus">
		<parameter name="platformName" value="" />
		<parameter name="platformVersion" value="" />
		<parameter name="browserName" value="Safari" />
		<parameter name="browserVersion" value="" />		
		<parameter name="deviceId" value="DD08F4D111D2EB62974C15597583BAE24189AED4" />
		<classes>
			<class name="com.perfecto.testing.WebScenarioParallel" />
		</classes>
	</test>
	<test name="Test Galaxy S6">
		<parameter name="platformName" value="" />
		<parameter name="platformVersion" value="" />
		<parameter name="browserName" value="Chrome" />
		<parameter name="browserVersion" value="" />		
		<parameter name="deviceId" value="1015FA089D682305" />
		<classes>
			<class name="com.perfecto.testing.WebScenarioParallel" />
		</classes>
	</test>

</suite>
